"File","Task Condition","Fit type","R","Rmin","Rmax","dprime","dmin","dmax","AUROC"
NA,NA,NA,NA,NA,NA,NA,NA,NA,NA
"../data/09RaN4UIEharoVW5g8y6_responses.xlsx","AllFreq","Conf",0.212044841449518,4.07904270578228e-05,0.352908545047833,0,3.13384721580352e-05,0.432748376891289,0.605984033759796
"../data/09RaN4UIEharoVW5g8y6_responses.xlsx","LoFreq","Conf",0.0983425273625897,4.06938630474634e-05,0.356241186539908,0.106248021677174,3.13384721580352e-05,0.469709925687264,0.576128277451062
"../data/09RaN4UIEharoVW5g8y6_responses.xlsx","HiFreq","Conf",0.249984097353527,4.08112244892237e-05,0.426124519610876,0,3.13384721580352e-05,0.499261559280672,0.624952460128043
